cluster_id	wv_baseline_flatness
0	0.0213723352348219
1	1
2	0.048060834419918
3	0.00990699333425169
4	0.0388884812570426
5	0.0449263204285667
6	0.0269329932528595
7	0.01937421483779
8	0.0452253464694634
9	0.0294770686036623
10	0.00851793649907866
11	0.0163392678141811
12	0.0718602475249687
13	0.0154784694667433
14	0.00781763790397263
