cluster_id	spatial_decay_slope
0	0.0423516782556309
1	0.000495910443972846
2	0.0269176679613143
3	0.0405807885914017
4	0.0170961826507871
5	0.0258004146225518
6	0.0173137302344625
7	0.0132843292631396
8	0.0138285448541783
9	0.0252077593386227
10	0.0138198285570933
11	0.0183929997618995
12	0.0159247341266503
13	0.0255365517816112
14	0.025645675858777
