cluster_id	frac_RPVs
0	1
1	1
2	1
3	1
4	1
5	0.982543477548881
6	0.0329225611958505
7	1
8	0.683526999316473
9	1
10	0
11	0
12	1
13	0
14	0.408965264898236
