cluster_id	frac_RPVs
0	1
1	1
2	1
3	1
4	1
5	0.982237865269706
6	0.0258595043860715
7	0
8	0
9	1
10	0
11	0
12	1
13	0
14	0.408260607079116
