cluster_id	isolation_distance
0	23.4335308074951
1	12.4502487182617
2	16.553825378418
3	5.72153282165527
4	9.29934406280518
5	25.5834293365479
6	62.8745002746582
7	5.39123153686523
8	12.0197048187256
9	3.30779814720154
10	68.9401016235352
11	45.7491264343262
12	11.9311113357544
13	7.97178554534912
14	27.3075923919678
