cluster_id	presence_ratio
0	0.743243243243243
1	1
2	0.972972972972973
3	0.810810810810811
4	0.945945945945946
5	0.527027027027027
6	0.824324324324324
7	0.689189189189189
8	0.864864864864865
9	0.324324324324324
10	0.689189189189189
11	0.824324324324324
12	1
13	0.932432432432432
14	0.608108108108108
