cluster_id	waveform_duration
0	600
1	400
2	733.333333333333
3	300
4	600
5	666.666666666667
6	266.666666666667
7	600
8	600
9	633.333333333333
10	233.333333333333
11	700
12	300
13	533.333333333333
14	633.333333333333
