cluster_id	percentage_spikes_missing
0	38.1967017426773
1	42.8281872928592
2	50.0000000000004
3	23.5647964841725
4	50.0000000000002
5	5.10158447383244
6	9.53487466759384e-07
7	50.0000000000001
8	0.688108894496897
9	50.0000000000002
10	0.000408992541811593
11	0.139116235780157
12	50
13	12.7921675746407
14	2.61164141506351
