cluster_id	spatial_decay_slope
0	0.0589356333528624
1	0.00443932506567694
2	0.0545283903071819
3	0.0602079039929788
4	0.0242584750131162
5	0.035059105866543
6	0.0320193388483168
7	0.0128222154844613
8	0.0420010931045689
9	0.00870118882180074
10	0.018038285210412
11	0.0224297689633238
12	0.0223345820976595
13	0.0262530559144526
14	0.0493371293157499
