cluster_id	L-ratio
0	0.107941478490829
1	0.879038155078888
2	0.58720725774765
3	22.4392337799072
4	3.72811603546143
5	0.0714630261063576
6	8.79757353686728e-05
7	83.1427459716797
8	7.42946100234985
9	214.74479675293
10	1.13275198998508e-07
11	0.000135756970848888
12	1.20255446434021
13	16.8993530273438
14	0.0512173920869827
