cluster_id	percentageSpikesMissing_gaussian
0.0	11.685531154418316
1.0	100.0
2.0	100.0
3.0	7.891646202254254
4.0	12.775031082525889
5.0	2.995992708384443
6.0	0.0
7.0	100.0
8.0	0.22036766140228758
9.0	100.0
10.0	2.1111048176258862e-05
11.0	0.014766856560355368
12.0	100.0
13.0	6.59001998991825
14.0	1.26951590745511
