cluster_id	percentageSpikesMissing_gaussian
0.0	11.685531217149192
1.0	100.0
2.0	100.0
3.0	7.891646126693752
4.0	12.775031143322924
5.0	2.9959927138861198
6.0	0.0
7.0	100.0
8.0	0.22036766116354523
9.0	100.0
10.0	2.1111048176258862e-05
11.0	0.014766856515879834
12.0	100.0
13.0	6.59001999248302
14.0	1.2695158055035183
