cluster_id	spatialDecaySlope
0.0	0.0423517576861159
1.0	0.000496058630192587
2.0	0.025323412980616668
3.0	0.040807259839046296
4.0	0.013389492040947285
5.0	0.02886555682339699
6.0	0.020929899991969585
7.0	0.014845254815936236
8.0	0.015256730122403332
9.0	0.01983875351377863
10.0	0.018957954835549257
11.0	0.022559891530035386
12.0	0.013696510879819001
13.0	0.021901957094154625
14.0	0.03015662614258818
