cluster_id	troughToPeak2Ratio
0.0	11.282845497131348
1.0	709.4816284179688
2.0	20.80695915222168
3.0	201.61416625976562
4.0	3.887054443359375
5.0	22.258665084838867
6.0	47.715911865234375
7.0	51.614994049072266
8.0	22.111492156982422
9.0	33.9246711730957
10.0	4.629137992858887
11.0	1.591166615486145
12.0	22.880277633666992
13.0	19.27216339111328
14.0	127.91587829589844
