cluster_id	spatialDecaySlope
0.0	-0.04235175778165001
1.0	-0.0004960586687172744
2.0	-0.025323413038612828
3.0	-0.04080725981990671
4.0	-0.013389491961754752
5.0	-0.028865556829124603
6.0	-0.020929900009841185
7.0	-0.014845254768532762
8.0	-0.01525673015768895
9.0	-0.019838753469714344
10.0	-0.018957954268208364
11.0	-0.022559891382027155
12.0	-0.013696510844395047
13.0	-0.02190195707572376
14.0	-0.03015662613735764
