cluster_id	percent_missing_gaussian
0.0	9.500735338137778
1.0	100.0
2.0	100.0
3.0	7.888510500042956
4.0	2.262778957429823
5.0	7.975534060570433
6.0	0.0
7.0	100.0
8.0	0.0894196263590441
9.0	100.0
10.0	0.0008662533179104592
11.0	0.002823464679024834
12.0	9.991432570608927
13.0	0.11892198217130501
14.0	2.640659761710662
