cluster_id	percentageSpikesMissing_gaussian
0.0	46.255807515124225
1.0	100.0
2.0	100.0
3.0	20.025744300055404
4.0	99.08875006995737
5.0	6.719012985424411
6.0	0.469969058424069
7.0	100.0
8.0	0.8770779315672161
9.0	100.0
10.0	0.024125634060434553
11.0	0.2309992949317885
12.0	100.0
13.0	16.83998189381011
14.0	2.8134114791482645
