cluster_id	cumDriftEstimate
0.0	222.08774930831015
1.0	383.89789820691726
2.0	453.7756563273043
3.0	632.5234266345552
4.0	406.0696518770211
5.0	362.2330330832681
6.0	170.08857561718065
7.0	702.26054678546
8.0	566.4546792767103
9.0	393.1367759756989
10.0	343.7807621747673
11.0	368.9198093249402
12.0	191.1516385741812
13.0	343.1779664184598
14.0	279.1146804930363
