cluster_id	spatialDecaySlope
0.0	0.04235175776927025
1.0	0.0004960586153937976
2.0	0.025323413020071635
3.0	0.04080725980659957
4.0	0.01338949207562778
5.0	0.028865556821586418
6.0	0.020929899935340435
7.0	0.014845254783735263
8.0	0.015256730215691272
9.0	0.01983875347050539
10.0	0.018957954668194246
11.0	0.022559891623193773
12.0	0.013696510888086924
13.0	0.021901956880471724
14.0	0.030156626161340128
