cluster_id	useTheseTimesStart
0.0	0.3253666666666667
1.0	0.3253666666666667
2.0	0.3253666666666667
3.0	0.3253666666666667
4.0	0.3253666666666667
5.0	0.3253666666666667
6.0	0.3253666666666667
7.0	0.3253666666666667
8.0	0.3253666666666667
9.0	0.3253666666666667
10.0	0.3253666666666667
11.0	0.3253666666666667
12.0	0.3253666666666667
13.0	0.3253666666666667
14.0	0.3253666666666667
