cluster_id	spatial_decay_slope
0	-0.0171103167122245
1	-0.00108557560585727
2	-0.0125783652051421
3	-0.0145135679305293
4	-0.00925914652866419
5	-0.0133875584574946
6	-0.01211559839378
7	-0.00817653987635508
8	-0.0132670280277572
9	-0.0181278549279295
10	-0.00951270834561155
11	-0.0114112631299161
12	-0.0100259135829927
13	-0.0164233788781679
14	-0.0128521797408833
